timeCondition,mean,std,min,max,median
1day,2.30342150735294,0.493346229906567,2,4.70625,2.0673625
1month,30.1267566789216,1.34323278987735,29.1111125,34.8951375,29.746875
