timeCondition,mean,std,min,max,median
1day,1.19508805147059,0.370832745717507,1,2.88125,1.03020833333333
1month,28.9670036764706,1.31514500196845,28.0013875,33.8951375,28.4086791666667
